PROXIMITY	AREA	SITE	LARGE PLOT #	SMALL PLOT #	TAG #	SPECIES	HEIGHT(cm)	13-Jan	13-Feb	13-Mar	13-Apr	13-May	13-Jun	13-Jul	13-Aug	13-Sep	13-Oct	13-Nov	13-Dec	14-Jan	14-Feb	14-Mar	14-Apr	14-May	14-Jun	14-Jul	14-Aug	14-Sep	14-Oct	14-Nov	14-Dec	15-Jan	15-Feb	15-Mar	15-Apr	15-May
C	C1	PERUMPARA	L1	S1	1.1.1	Litsea sp.	453	L	L	L	L	L	L	L	L	L	L	L	L	L	L	L	L	L	L	L	L	L	L	L	L	L	L	L	L	L
C	C1	PERUMPARA	L1	S1	1.1.2	Litsea sp.	102	L	L	L	L	L	L	L	L	L	L	L	L	L	L	L	L	L	L	L	L	L	L	L	L	L	L	L	L	L
C	C1	PERUMPARA	L1	S1	1.1.3	Litsea sp.	101	L	L	L	L	L	L	L	L	L	L	L	L	L	L	L	L	L	L	L	L	L	L	L	L	L	L	L	L	L
C	C1	PERUMPARA	L1	S2	2.1.1	Litsea sp.	201	L	L	L	L	L	L	L	L	L	L	L	L	L	L	L	L	L	L	L	L	L	L	L	L	L	L	L	L	L
C	C1	PERUMPARA	L1	S2	2.1.2	Litsea sp.	149	L	L	L	L	L	L	L	L	L	L	L	L	L	L	L	L	L	L	L	L	L	L	L	D	D	D	D	D	D
C	C1	PERUMPARA	L1	S2	2.1.4	Litsea sp.	199	L	L	L	L	L	L	L	L	L	L	L	L	L	L	L	L	L	L	L	L	L	L	L	L	L	L	L	L	L
C	C1	PERUMPARA	L1	S2	2.1.5	Litsea sp.	122	L	L	L	L	L	L	L	L	L	L	L	L	L	L	L	L	L	L	L	L	L	L	L	L	L	L	L	L	L
C	C1	PERUMPARA	L1	S3	2.2.1	Canarium sp.	121	L	L	L	L	L	L	L	L	L	L	L	L	L	L	L	L	L	L	L	L	L	L	L	L	L	L	L	L	L
C	C1	PERUMPARA	L1	S4	3.1.1	Dysoxylum sp	101	L	L	L	L	L	L	L	L	L	L	L	L	L	L	L	L	L	L	L	L	L	L	L	L	L	L	L	L	L
C	C1	PERUMPARA	L1	S5	3.2.1	Litsea sp.	323	L	L	L	L	L	L	L	L	L	L	L	L	L	L	L	L	L	L	L	L	L	L	L	L	L	L	L	L	L
C	C1	PERUMPARA	L1	S5	3.2.2	Litsea sp.	401	L	L	L	L	L	L	L	L	L	L	L	L	L	L	L	L	L	L	L	L	L	L	L	L	L	L	L	L	L
C	C1	PERUMPARA	L1	S6	3.3.1	Litsea sp.	119	L	L	L	L	L	L	L	L	L	L	L	L	L	L	L	L	L	L	L	L	L	L	L	L	L	L	L	L	L
C	C1	PERUMPARA	L1	S6	3.3.2	Litsea sp.	101	L	L	L	L	L	L	L	L	L	L	L	L	L	L	L	L	L	L	L	L	L	L	L	L	L	L	L	L	L
C	C1	PERUMPARA	L1	S6	3.3.3	Litsea sp.	99	L	L	L	L	L	L	L	L	L	L	L	L	L	L	L	L	L	L	L	L	L	L	L	L	L	L	L	L	L
C	C1	PERUMPARA	L1	S6	3.3.4	Alseodaphne sp.	452	L	L	L	L	L	L	L	L	L	L	L	L	L	L	L	L	L	L	L	L	L	L	L	L	L	L	L	L	L
C	C1	PERUMPARA	L1	S7	3.3.5	Litsea sp.	399	L	L	L	L	L	L	L	L	L	L	L	L	L	L	L	L	L	L	L	L	L	L	L	L	L	L	L	L	L
C	C1	PERUMPARA	L1	S8	4.2.1	Litsea sp.	201	L	L	L	L	L	L	L	L	L	L	L	L	L	L	L	L	L	L	L	L	L	L	L	L	L	L	L	L	L
C	C1	PERUMPARA	L1	S9	4.3.1	Litsea sp.	249	L	L	L	L	L	L	L	L	L	L	L	L	L	L	L	L	L	L	L	L	L	L	L	L	L	L	L	L	L
C	C1	PERUMPARA	L1	S9	4.3.2	Litsea sp.	152	L	L	L	L	L	L	L	L	L	L	L	L	L	L	L	L	L	L	L	L	L	L	L	L	L	L	L	L	L
C	C1	PERUMPARA	L1	S9	4.3.3	Litsea sp.	98	L	L	L	L	L	L	L	L	L	L	L	L	L	L	L	L	L	L	L	L	L	L	L	L	L	L	L	L	L
C	C1	PERUMPARA	L1	S10	4.4.1	Litsea sp.	151	L	L	L	L	L	L	L	L	L	L	L	L	L	L	L	L	L	L	L	L	L	L	L	L	L	L	L	L	L
C	C1	PERUMPARA	L1	S10	4.4.2	Litsea sp.	149	L	L	L	L	L	L	L	L	L	L	L	L	L	L	L	L	L	L	L	L	L	L	L	L	L	L	L	L	L
C	C1	PERUMPARA	L1	S10	4.4.3	Litsea sp.	103	L	L	L	L	L	L	L	L	L	L	L	L	L	L	L	L	L	L	L	D	D	D	D	D	D	D	D	D	D
C	C1	PERUMPARA	L1	S10	4.4.4	Alseodaphne sp.	103	L	L	L	L	L	L	L	L	L	L	L	L	L	L	L	L	L	L	L	L	L	L	L	L	D	D	D	D	D
C	C1	PERUMPARA	L1	S11	4.5.1	Dysoxylum sp	107	L	L	L	L	L	L	L	L	L	L	L	L	L	L	L	L	L	L	L	L	L	L	L	L	L	L	L	L	L
C	C1	PERUMPARA	L1	S11	4.5.2	Litsea sp.	150	L	L	L	L	L	L	L	L	L	L	L	L	L	L	L	L	L	L	L	L	L	L	L	L	L	L	L	L	L
C	C1	PERUMPARA	L1	S11	4.5.3	Dysoxylum sp	170	L	L	L	L	L	L	L	L	L	L	L	L	L	L	L	L	L	L	L	L	L	L	L	L	D	D	D	D	D
C	C1	PERUMPARA	L1	S11	4.5.4	Dysoxylum sp	201	L	L	L	L	L	L	L	L	L	L	L	L	L	L	L	L	L	L	L	L	L	L	L	L	D	D	D	D	D
C	C1	PERUMPARA	L1	S11	4.5.5	Dysoxylum sp	270	L	L	L	L	L	L	L	L	L	L	L	L	L	L	L	L	L	L	L	L	L	L	L	L	L	L	L	L	L
C	C1	PERUMPARA	L1	S12	5.1.1	Dysoxylum sp	700	L	L	L	L	L	L	L	L	L	L	L	L	L	L	L	L	L	L	L	L	L	L	L	L	D	D	D	D	D
C	C1	PERUMPARA	L1	S12	5.1.2	Litsea sp.	98	L	L	L	L	L	L	L	L	L	L	L	L	L	L	L	L	L	L	L	L	L	L	L	L	L	L	L	L	L
C	C1	PERUMPARA	L1	S13	5.2.1	Litsea sp.	123	L	L	L	L	L	L	L	L	L	L	L	L	L	L	L	L	L	L	L	L	L	L	L	L	L	L	L	L	L
C	C1	PERUMPARA	L1	S13	5.2.2	Myristica sp.	203	L	L	L	L	L	L	L	L	L	L	L	L	L	L	L	L	L	L	L	L	L	L	L	L	L	L	L	L	L
C	C1	PERUMPARA	L1	S14	6.1.1	Alseodaphne sp.	221	L	L	L	L	L	L	L	L	L	L	L	L	L	L	L	L	L	L	L	L	L	L	L	L	L	L	L	L	L
C	C1	PERUMPARA	L1	S14	6.1.2	Litsea sp.	119	L	L	L	L	L	L	L	L	L	L	L	L	L	L	L	L	L	L	L	L	L	L	L	L	L	L	L	L	L
C	C1	PERUMPARA	L1	S14	6.1.3	Litsea sp.	102	L	L	L	L	L	L	L	L	L	L	L	L	L	L	L	L	L	L	L	L	L	L	L	L	L	L	L	L	L
C	C1	PERUMPARA	L1	S15	6.2.1	Dysoxylum sp	199	L	L	L	L	L	L	L	L	L	L	L	L	L	L	L	L	L	L	L	L	L	L	L	L	L	L	L	L	L
C	C1	PERUMPARA	L1	S15	6.2.2	Alseodaphne sp.	251	L	L	L	L	L	L	L	L	L	L	L	L	L	L	L	L	L	L	L	L	L	L	L	L	L	L	L	L	L
C	C1	PERUMPARA	L1	S15	6.2.3	Alseodaphne sp.	201	L	L	L	L	L	L	L	L	L	L	L	L	L	L	L	L	L	L	L	L	L	L	L	L	L	L	L	L	L
C	C1	PERUMPARA	L1	S15	6.2.4	Dysoxylum sp	252	L	L	L	L	L	L	L	L	L	L	L	L	L	L	L	L	L	L	L	L	L	L	L	L	L	L	L	L	L
C	C1	PERUMPARA	L1	S16	7.1.1	Litsea sp.	450	L	L	L	L	L	L	L	L	L	L	L	L	L	L	L	L	L	L	L	L	L	L	L	L	L	L	D	D	D
C	C1	PERUMPARA	L1	S16	7.1.2	Litsea sp.	100	L	L	L	L	L	L	L	L	L	L	L	L	L	L	L	L	L	L	L	L	L	L	L	L	L	L	L	L	L
C	C1	PERUMPARA	L1	S17	7.2.1	Litsea sp.	520	L	L	L	L	L	L	L	L	L	L	L	L	L	L	L	L	L	L	L	L	L	L	L	L	L	L	L	L	L
C	C1	PERUMPARA	L1	S17	7.2.2	Litsea sp.	251	L	L	L	L	L	L	L	L	L	L	L	L	L	L	L	L	L	L	L	L	L	L	L	L	L	L	L	L	L
C	C1	PERUMPARA	L1	S17	7.2.3	Dysoxylum sp	201	L	L	L	L	L	L	L	L	L	L	L	L	L	L	L	L	L	L	L	L	L	L	L	L	L	L	L	L	L
C	C1	PERUMPARA	L1	S18	8.1.1	Litsea sp.	600	L	L	L	L	L	L	L	L	L	L	L	L	L	L	L	L	L	L	L	L	L	L	L	L	L	L	L	L	L
C	C1	PERUMPARA	L1	S18	8.1.2	Dysoxylum sp	120	L	L	L	L	L	L	L	L	L	L	L	L	L	L	L	L	L	L	L	L	L	L	L	L	L	L	L	L	L
C	C1	PERUMPARA	L1	S19	8.2.1	Dysoxylum sp	123	L	L	L	L	L	L	L	L	L	L	L	L	L	L	L	L	L	L	L	L	L	L	L	L	L	L	L	L	L
C	C1	PERUMPARA	L1	S19	8.2.2	Litsea sp.	351	L	L	L	L	L	L	L	L	L	L	L	L	L	L	L	L	L	L	L	L	L	L	L	L	L	L	L	L	L
C	C1	PERUMPARA	L1	S19	8.2.3	Dysoxylum sp	124	L	L	L	L	L	L	L	L	L	L	L	L	L	L	L	L	L	L	L	L	L	L	L	L	L	L	L	L	L
C	C1	PERUMPARA	L1	S20	8.3.1	Dysoxylum sp	101	L	L	L	L	L	L	L	L	L	L	L	L	L	L	L	L	L	L	L	L	L	L	L	L	L	L	L	L	L
C	C1	PERUMPARA	L1	S20	8.3.2	Alseodaphne sp.	500	L	L	L	L	L	L	L	L	L	L	L	L	L	L	L	L	L	L	L	L	L	L	L	L	L	L	L	L	L
C	C2	PATHADIPALAM	L2	S1	2.1.1	Myristica sp.	152	L	L	L	L	L	L	L	L	L	L	L	L	L	L	L	L	L	L	L	L	L	L	L	L	L	L	L	L	L
C	C2	PATHADIPALAM	L2	S1	2.1.2	Myristica sp.	321	L	L	L	L	L	L	L	L	L	L	L	L	L	L	L	L	L	L	L	L	L	L	L	L	L	L	L	L	L
C	C2	PATHADIPALAM	L2	S2	3.1.1	Dysoxylum sp.	149	L	L	L	L	L	L	L	L	L	L	L	L	L	L	L	L	L	L	L	L	L	L	L	L	L	L	L	L	L
C	C2	PATHADIPALAM	L2	S2	3.1.2	Myristica sp.	151	L	L	L	L	L	L	L	L	L	L	L	L	L	L	L	L	L	L	L	L	L	L	L	L	L	L	L	L	L
C	C2	PATHADIPALAM	L2	S2	3.1.3	Myristica sp.	153	L	L	L	L	L	L	L	L	L	L	L	L	L	L	L	L	L	L	L	L	L	L	L	L	L	L	L	L	L
C	C2	PATHADIPALAM	L2	S3	4.1.1	Litsea sp.	98	L	L	L	L	L	L	L	L	L	L	L	L	L	L	L	L	L	L	L	L	L	L	L	L	L	L	L	L	L
C	C2	PATHADIPALAM	L2	S3	4.1.2	Knem sp.	121	L	L	L	L	L	L	L	L	L	L	L	L	L	L	L	L	L	L	L	L	L	L	L	L	L	L	L	L	L
C	C2	PATHADIPALAM	L2	S3	4.1.3	Myristica sp.	101	L	L	L	L	L	L	L	L	L	L	L	L	L	L	L	L	L	L	L	L	L	L	L	L	L	L	L	L	L
C	C2	PATHADIPALAM	L2	S4	4.2.1	Dysoxylum sp.	500	L	L	L	L	L	L	L	L	L	L	L	L	L	L	L	L	L	L	L	L	L	L	L	L	L	L	L	L	L
C	C2	PATHADIPALAM	L2	S5	5.1.1	Dysoxylum sp.	300	L	L	L	L	L	L	L	L	L	L	L	L	L	L	L	L	L	L	L	L	L	L	L	L	L	L	L	L	L
C	C2	PATHADIPALAM	L2	S6	6.1.1	Canarium sp.	500	L	L	L	L	L	L	L	L	L	L	L	L	L	L	L	L	L	L	L	L	L	L	L	L	L	L	L	L	L
C	C2	PATHADIPALAM	L2	S7	7.1.1	Litsea sp.	253	L	L	L	L	L	L	L	L	L	L	L	L	L	L	L	L	L	L	L	L	L	L	L	L	L	L	L	L	L
C	C2	PATHADIPALAM	L2	S7	7.1.2	Litsea sp.	301	L	L	L	L	L	L	L	L	L	L	L	L	L	L	L	L	L	L	L	L	L	L	L	L	L	L	L	L	L
C	C2	PATHADIPALAM	L2	S8	8.1.1	Litsea sp.	152	L	L	L	L	L	L	L	L	L	L	L	L	L	L	L	L	L	L	L	L	L	L	L	L	L	L	L	L	L
C	I1	TOTTAPURA	L3	S1	1.1.1	Myristica sp.	100	L	L	L	L	L	L	L	L	L	L	L	L	L	L	L	L	L	L	L	L	L	L	L	L	L	L	L	L	L
C	I1	TOTTAPURA	L3	S2	2.1.1	Dysoxylum sp.	510	L	L	L	L	L	L	L	L	L	L	L	L	L	L	L	L	L	L	L	L	L	L	L	L	L	L	L	L	L
C	I1	TOTTAPURA	L3	S3	2.2.1	Litsea sp.	500	L	L	L	L	L	L	L	L	L	L	L	L	L	L	L	L	L	L	L	L	L	L	L	L	L	L	L	L	L
C	I1	TOTTAPURA	L3	S4	3.1.1	Dysoxylum sp.	100	L	L	L	L	L	L	L	L	L	L	L	L	L	L	L	L	L	L	L	L	L	L	L	L	L	L	L	L	L
C	I1	TOTTAPURA	L3	S5	4.1.1	Litsea sp.	500	L	L	L	L	L	L	L	L	L	L	L	L	L	L	L	L	L	L	L	L	L	L	L	L	L	L	L	L	L
C	I1	TOTTAPURA	L3	S6	5.1.1	Myristica sp.	122	L	L	L	L	L	L	L	L	L	L	L	L	L	L	L	L	L	L	L	D	D	D	D	D	D	D	D	D	D
C	I1	TOTTAPURA	L3	S7	5.2.1	Dysoxylum sp.	500	L	L	L	L	L	L	L	L	L	L	L	L	L	L	L	L	L	L	L	L	L	L	L	L	L	L	L	L	L
C	I1	TOTTAPURA	L3	S7	5.2.2	Alseodaphne sp.	124	L	L	L	L	L	L	L	L	L	L	L	L	L	L	L	L	L	L	L	L	L	L	L	L	L	L	L	L	L
C	I1	TOTTAPURA	L3	S8	8.1.1	Litsea sp.	252	L	L	L	L	L	L	L	L	L	L	L	L	L	L	L	L	L	L	L	L	L	L	L	L	L	L	L	L	L
C	I2	FOREST OP	L4	S1	1.1.1	Litsea sp.	151	L	L	L	L	L	L	L	L	L	L	L	L	L	L	L	L	L	L	L	L	L	L	L	L	L	L	L	L	L
C	I2	FOREST OP	L4	S1	1.1.2	Litsea sp.	152	L	L	L	L	L	L	L	L	L	L	L	L	L	L	L	L	L	L	L	L	L	L	L	L	L	L	L	L	L
C	I2	FOREST OP	L4	S2	1.2.1	Myristica sp.	153	L	L	L	L	L	L	L	D	D	D	D	D	D	D	D	D	D	D	D	D	D	D	D	D	D	D	D	D	D
C	I2	FOREST OP	L4	S2	1.2.2	Dysoxylum sp.	500	L	L	L	L	L	L	L	L	L	L	L	L	L	L	L	L	L	L	L	L	L	L	L	L	L	L	L	L	L
C	I2	FOREST OP	L4	S3	1.3.1	Litsea sp.	100	L	L	L	L	L	L	L	L	L	L	L	L	L	L	L	L	L	D	D	D	D	D	D	D	D	D	D	D	D
C	I2	FOREST OP	L4	S4	2.1.1	Litsea sp.	201	L	L	L	L	L	L	L	L	L	L	L	L	L	L	L	L	L	L	L	L	L	L	L	L	L	L	L	L	L
C	I2	FOREST OP	L4	S5	2.2.1	Litsea sp.	202	L	L	L	L	L	L	L	L	L	L	L	L	L	L	L	L	L	L	L	L	L	L	L	L	L	L	L	L	L
C	I2	FOREST OP	L4	S5	2.2.2	Dysoxylum sp.	130	L	L	L	L	L	L	L	L	L	L	L	L	L	L	L	L	L	L	L	L	L	L	L	L	L	L	L	L	L
C	I2	FOREST OP	L4	S5	2.2.3	Litsea sp.	101	L	L	L	L	L	L	L	L	L	L	L	L	L	L	L	L	L	L	L	L	L	L	L	L	L	L	L	L	L
C	I2	FOREST OP	L4	S6	3.1.1	Dysoxylum sp.	99	L	L	L	L	L	L	L	L	L	L	L	L	L	L	L	L	L	L	L	L	L	L	L	L	L	L	L	L	L
C	I2	FOREST OP	L4	S7	4.1.1	Dysoxylum sp.	201	L	L	L	L	L	L	L	L	L	L	L	L	L	L	L	L	L	L	L	L	L	L	L	L	L	L	L	L	L
C	I2	FOREST OP	L4	S7	4.1.2	Alseodaphne sp.	500	L	L	L	L	L	L	L	L	L	L	L	L	L	L	L	L	L	L	L	L	L	L	L	L	L	L	L	L	L
C	I2	FOREST OP	L4	S7	4.1.3	Dysoxylum sp.	190	L	L	L	L	L	L	L	L	L	L	L	L	L	L	L	L	L	L	L	L	L	L	L	L	L	L	L	L	L
C	I2	FOREST OP	L4	S8	5.1.1	Myristica sp.	125	L	L	L	L	L	L	L	D	D	D	D	D	D	D	D	D	D	D	D	D	D	D	D	D	D	D	D	D	D
C	I2	FOREST OP	L4	S9	5.2.1	Dysoxylum sp.	500	L	L	L	L	L	L	L	D	D	D	D	D	D	D	D	D	D	D	D	D	D	D	D	D	D	D	D	D	D
C	I2	FOREST OP	L4	S9	5.2.2	Alseodaphne sp.	119	L	L	L	L	L	L	L	D	D	D	D	D	D	D	D	D	D	D	D	D	D	D	D	D	D	D	D	D	D
C	I2	FOREST OP	L4	S10	6.1.1	Litsea sp.	97	L	L	L	L	L	L	L	L	L	L	L	L	L	L	L	L	L	L	L	L	L	L	L	L	L	L	L	L	L
C	I2	FOREST OP	L4	S11	6.2.1	Litsea sp.	112	L	L	L	L	L	L	L	L	L	L	L	L	L	L	L	L	L	L	L	L	L	L	L	L	L	L	L	L	L
C	I2	FOREST OP	L4	S12	7.1.1	Litsea sp.	156	L	L	L	L	L	L	L	L	L	L	L	L	L	L	L	L	L	L	L	L	L	L	L	L	L	L	L	L	L
C	I2	FOREST OP	L4	S13	8.1.1	Alseodaphne sp.	410	L	L	L	L	L	L	L	L	L	L	L	L	L	L	L	L	L	L	L	L	L	L	L	L	L	L	L	L	L
C	I2	FOREST OP	L4	S14	8.2.1	Alseodaphne sp.	220	L	L	L	L	L	L	L	L	L	L	L	L	L	L	L	L	L	L	L	L	L	L	L	L	L	L	L	L	L
C	I2	FOREST OP	L4	S15	8.3.1	Litsea sp.	120	L	L	L	L	L	L	L	L	L	L	L	L	L	L	L	L	L	L	L	L	L	L	L	L	D	D	D	D	D
F	F1	AMABALAPARA-A	L5	S1	1.1.1	Litsea sp.	120	L	L	L	L	L	L	L	L	L	L	L	L	L	L	L	D	D	D	D	D	D	D	D	D	D	D	D	D	D
F	F1	AMABALAPARA-A	L5	S2	1.2.1	Litsea sp.	250	L	L	L	L	L	L	L	L	L	L	L	L	L	L	L	L	L	L	L	L	L	L	L	L	L	L	L	L	D
F	F1	AMABALAPARA-A	L5	S2	1.2.2	Litsea sp.	210	L	L	L	L	L	L	L	L	L	L	L	L	L	L	L	L	L	L	L	L	L	L	L	L	L	L	L	L	L
F	F1	AMABALAPARA-A	L5	S2	1.2.3	Litsea sp.	220	L	L	L	L	L	L	L	L	L	L	L	L	L	L	L	L	L	L	L	L	L	L	L	L	D	D	D	D	D
F	F1	AMABALAPARA-A	L5	S2	1.2.4	Myristica sp.	373	L	L	L	L	L	L	L	L	L	L	L	L	L	L	L	L	L	L	L	L	L	L	L	L	L	L	L	L	L
F	F1	AMABALAPARA-A	L5	S2	1.2.5	Litsea sp.	87	L	L	L	L	L	L	L	L	L	L	L	L	L	L	L	L	L	L	L	L	L	L	L	L	L	L	L	L	L
F	F1	AMABALAPARA-A	L5	S3	1.3.1	Myristica sp.	400	L	L	L	L	L	L	L	L	L	L	L	D	D	D	D	D	D	D	D	D	D	D	D	D	D	D	D	D	D
F	F1	AMABALAPARA-A	L5	S4	1.4.1	Knema sp.	120	L	L	L	L	L	L	L	L	L	L	L	D	D	D	D	D	D	D	D	D	D	D	D	D	D	D	D	D	D
F	F1	AMABALAPARA-A	L5	S5	1.5.1	Dysoxylum sp.	94	L	L	L	L	L	L	L	L	L	L	L	L	L	L	L	L	L	L	L	L	L	L	L	L	L	L	L	L	L
F	F1	AMABALAPARA-A	L5	S6	2.1.1	Myristica sp.	90	L	L	L	L	L	L	L	L	L	L	L	L	L	L	L	L	L	L	L	L	L	L	L	L	L	L	L	L	L
F	F1	AMABALAPARA-A	L5	S6	2.1.2	Myristica sp.	84	L	L	L	L	L	L	L	L	L	L	L	L	L	L	L	L	L	L	L	L	L	L	L	L	L	L	L	L	L
F	F1	AMABALAPARA-A	L5	S7	2.2.1	Dysoxylum sp.	97	L	L	L	L	L	L	L	L	L	L	L	L	L	L	L	L	L	L	L	L	L	L	L	L	D	D	D	D	D
F	F1	AMABALAPARA-A	L5	S8	3.1.1	Litsea sp.	150	L	L	L	L	L	L	L	L	L	L	L	L	L	L	L	L	L	L	L	L	L	L	L	L	L	L	L	L	L
F	F1	AMABALAPARA-A	L5	S8	3.1.2	Litsea sp.	100	L	L	L	L	L	L	L	L	L	L	L	L	L	L	L	L	L	L	L	L	L	L	L	L	L	L	L	L	L
F	F1	AMABALAPARA-A	L5	S9	3.2.1	Litsea sp.	140	L	L	L	L	L	L	L	L	L	L	L	L	L	L	L	D	D	D	D	D	D	D	D	D	D	D	D	D	D
F	F1	AMABALAPARA-A	L5	S9	3.2.2	Myristica sp.	650	L	L	L	L	L	L	L	L	L	L	L	L	L	L	L	L	L	L	L	L	L	L	L	L	L	L	L	L	L
F	F1	AMABALAPARA-A	L5	S10	2.3.1	Knema sp.	89	L	L	L	L	L	L	L	L	L	L	L	L	L	L	L	L	L	L	L	L	L	L	L	L	D	D	D	D	D
F	F1	AMABALAPARA-A	L5	S11	4.1.1	Litsea sp.	250	L	L	L	L	L	L	L	L	L	L	L	L	L	L	L	L	L	L	L	L	L	L	L	L	L	L	D	D	D
F	F1	AMABALAPARA-A	L5	S11	4.1.2	Litsea sp.	300	L	L	L	L	L	L	L	L	L	L	L	L	L	L	L	L	L	L	L	L	L	L	L	L	L	L	L	L	L
F	F1	AMABALAPARA-A	L5	S11	4.1.3	Litsea sp.	350	L	L	L	L	L	L	L	L	L	L	L	L	L	L	L	L	L	L	L	L	L	L	L	L	L	L	L	L	L
F	F1	AMABALAPARA-A	L5	S11	4.1.4	Litsea sp.	190	L	L	L	L	L	L	L	L	L	L	L	L	L	L	L	L	L	L	L	L	L	L	L	L	L	L	L	D	D
F	F1	AMABALAPARA-A	L5	S11	4.1.5	Litsea sp.	250	L	L	L	L	L	L	L	L	L	L	L	L	L	L	L	L	L	L	L	L	L	L	L	L	L	L	L	L	L
F	F1	AMABALAPARA-A	L5	S12	4.2.1	Myristica sp.	281	L	L	L	L	L	L	L	L	L	L	L	L	L	L	L	L	L	L	L	L	L	L	L	L	L	L	L	L	L
F	F1	AMABALAPARA-A	L5	S12	4.2.1	Litsea sp.	650	L	L	L	L	L	L	L	L	L	L	L	L	L	L	L	L	L	L	L	L	L	L	L	L	L	L	L	L	L
F	F1	AMABALAPARA-A	L5	S13	5.1.1	Litsea sp.	350	L	L	L	L	L	L	L	L	L	L	L	L	L	L	L	L	L	L	L	L	L	L	L	L	L	L	L	L	L
F	F1	AMABALAPARA-A	L5	S13	5.1.2	Dysoxylum sp.	400	L	L	L	L	L	L	L	L	L	L	L	L	L	L	L	L	L	L	L	L	L	L	L	L	L	L	L	L	L
F	F1	AMABALAPARA-A	L5	S14	5.2.1	Litsea sp.	150	L	L	L	L	L	L	L	L	L	L	L	D	D	D	D	D	D	D	D	D	D	D	D	D	D	D	D	D	D
F	F1	AMABALAPARA-A	L5	S15	5.3.1	Litsea sp.	115	L	L	L	L	L	L	L	L	L	L	L	L	L	L	L	L	L	L	L	L	L	L	L	D	D	D	D	D	D
F	F1	AMABALAPARA-A	L5	S16	6.1.1	Litsea sp.	100	L	L	L	L	L	L	L	L	L	L	L	L	L	L	L	L	L	L	L	L	L	L	L	L	L	L	L	L	L
F	F1	AMABALAPARA-A	L5	S17	6.2.1	Dysoxylum sp.	150	L	L	L	L	L	L	L	L	L	L	L	L	L	L	L	L	L	L	L	L	L	L	L	L	L	L	L	L	L
F	F1	AMABALAPARA-A	L5	S17	6.2.2	Dysoxylum sp.	120	L	L	L	L	L	L	L	L	L	L	L	L	L	L	L	L	L	L	L	L	L	L	L	L	L	L	L	L	L
F	F1	AMABALAPARA-A	L5	S17	6.2.3	Myristica sp.	128	L	L	L	L	L	L	L	L	L	L	L	L	L	L	L	L	L	L	L	L	L	L	L	L	L	L	L	L	L
F	F1	AMABALAPARA-A	L5	S18	7.1.1	Litsea sp.	100	L	L	L	L	L	L	L	L	L	L	L	L	L	L	L	L	L	L	L	L	L	L	L	L	L	L	L	L	D
F	F1	AMABALAPARA-A	L5	S19	8.1.1	Litsea sp.	150	L	L	L	L	L	L	L	L	L	L	L	L	L	L	L	L	L	L	L	L	L	L	L	L	L	L	L	L	L
F	F1	AMABALAPARA-A	L5	S19	8.1.2	Litsea sp.	94	L	L	L	L	L	L	L	L	L	L	L	L	L	L	L	L	L	L	L	L	L	L	L	L	L	L	L	L	L
F	F2	AMABALAPARA-B	L6	S1	1.1.1	Alseodaphne sp.	156	L	L	L	L	L	L	L	L	L	L	L	L	L	L	L	L	L	L	L	L	L	L	L	L	L	L	L	L	L
F	F2	AMABALAPARA-B	L6	S1	1.1.3	Myristica sp.	600	L	L	L	L	L	L	L	L	L	L	L	L	L	L	L	L	L	L	L	L	L	L	L	L	L	L	L	L	L
F	F2	AMABALAPARA-B	L6	S1	1.1.4	Alseodaphne sp.	250	L	L	L	L	L	L	L	L	L	L	L	L	L	L	L	L	L	L	L	L	L	L	L	L	L	L	L	L	L
F	F2	AMABALAPARA-B	L6	S2	1.2.2	Alseodaphne sp.	195	L	L	L	L	L	L	L	L	L	L	L	L	L	L	L	L	L	L	L	L	L	L	L	L	L	L	L	L	L
F	F2	AMABALAPARA-B	L6	S2	1.2.3	Alseodaphne sp.	254	L	L	L	L	L	L	L	L	L	L	L	L	L	L	L	L	L	L	L	L	L	L	L	L	L	L	L	L	L
F	F2	AMABALAPARA-B	L6	S2	1.2.4	Dysoxylum sp	115	L	L	L	L	L	L	L	L	L	L	L	L	L	L	L	L	L	L	L	L	L	L	L	L	L	L	L	L	L
F	F2	AMABALAPARA-B	L6	S2	1.2.5	Alseodaphne sp.	100	L	L	L	L	L	L	L	L	L	L	L	L	L	L	L	L	L	L	D	D	D	D	D	D	D	D	D	D	D
F	F2	AMABALAPARA-B	L6	S2	1.2.6	Litsea sp.	280	L	L	L	L	L	L	L	L	L	L	L	L	L	L	L	L	L	L	L	L	L	L	L	L	L	L	L	L	L
F	F2	AMABALAPARA-B	L6	S2	1.2.7	Knema sp.	103	L	L	L	L	L	L	L	L	L	L	L	L	L	L	L	L	L	L	L	L	L	L	L	L	L	L	L	L	L
F	F2	AMABALAPARA-B	L6	S3	1.3.2	Dysoxylum sp	106	L	L	L	L	L	L	L	L	L	L	L	L	L	L	L	L	L	L	L	L	L	L	L	L	L	L	L	L	L
F	F2	AMABALAPARA-B	L6	S3	1.3.4	Myristica sp.	25	L	L	L	L	L	L	L	L	L	L	L	L	L	L	L	L	L	L	L	L	L	L	L	L	L	L	L	L	L
F	F2	AMABALAPARA-B	L6	S3	1.3.8	Dysoxylum sp	218	L	L	L	L	L	L	L	L	L	L	L	L	L	L	L	L	L	L	L	L	L	L	L	L	L	L	L	L	L
F	F2	AMABALAPARA-B	L6	S4	1.4.2	Alseodaphne sp.	100	L	L	L	L	L	L	L	L	L	L	L	L	L	L	L	L	L	L	L	L	L	L	L	L	L	L	L	L	L
F	F2	AMABALAPARA-B	L6	S4	1.4.3	Myristica sp.	118	L	L	L	L	L	L	L	L	L	L	L	L	L	L	L	L	L	L	L	L	L	L	L	L	L	L	L	L	L
F	F2	AMABALAPARA-B	L6	S5	1.5.1	Dysoxylum sp	225	L	L	L	L	L	L	L	L	L	L	L	L	L	L	L	L	L	L	L	L	L	L	L	L	L	L	L	L	L
F	F2	AMABALAPARA-B	L6	S5	1.5.2	Dysoxylum sp	450	L	L	L	L	L	L	L	L	L	L	L	L	L	L	L	L	L	L	D	D	D	D	D	D	D	D	D	D	D
F	F2	AMABALAPARA-B	L6	S5	1.5.7	Myristica sp.	262	L	L	L	L	L	L	L	L	L	L	L	L	L	L	L	L	L	L	L	L	L	L	L	L	L	L	L	L	L
F	F2	AMABALAPARA-B	L6	S5	1.5.8	Dysoxylum sp	64	L	L	L	L	L	L	L	L	L	L	L	L	L	L	L	L	L	L	L	L	L	L	L	L	L	L	L	L	L
F	F2	AMABALAPARA-B	L6	S5	1.5.10	Dysoxylum sp	250	L	L	L	L	L	L	L	L	L	L	L	L	L	L	L	L	L	L	L	L	L	L	L	L	L	L	L	L	L
F	F2	AMABALAPARA-B	L6	S6	2.1.1	Alseodaphne sp.	506	L	L	L	L	L	L	L	L	L	L	L	L	L	L	L	L	L	L	L	L	L	L	L	L	L	L	L	L	L
F	F2	AMABALAPARA-B	L6	S7	2.2.1	Litsea sp.	500	L	L	L	L	L	L	L	L	L	L	L	L	L	L	L	L	L	L	L	L	L	L	L	L	L	L	L	L	L
F	F2	AMABALAPARA-B	L6	S7	2.2.2	Myristica sp.	150	L	L	L	L	L	L	L	L	L	L	L	L	L	L	L	L	L	L	L	L	L	L	L	L	L	L	L	L	L
F	F2	AMABALAPARA-B	L6	S8	2.3.1	Alseodaphne sp.	150	L	L	L	L	L	L	L	L	L	L	L	L	L	L	L	L	L	L	L	L	L	L	L	L	L	L	L	L	L
F	F2	AMABALAPARA-B	L6	S8	2.3.1	Dysoxylum sp	200	L	L	L	L	L	L	L	L	L	L	L	L	L	L	L	L	L	L	L	L	L	L	L	L	L	L	L	L	L
F	F2	AMABALAPARA-B	L6	S8	2.3.2	Dysoxylum sp	99	L	L	L	L	L	L	L	L	L	L	L	L	L	L	L	L	L	L	L	L	L	L	L	L	L	L	L	L	L
F	F2	AMABALAPARA-B	L6	S8	2.3.3	Litsea sp.	101	L	L	L	L	L	L	L	L	L	L	L	L	L	L	L	L	L	L	L	L	L	L	L	L	L	L	L	L	L
F	F2	AMABALAPARA-B	L6	S8	2.3.4	Myristica sp.	103	L	L	L	L	L	L	L	L	L	L	L	L	L	L	L	L	L	L	L	L	L	L	L	L	L	L	L	L	L
F	F2	AMABALAPARA-B	L6	S9	2.4.1	Dysoxylum sp	450	L	L	L	L	L	L	L	L	L	L	L	L	L	L	L	L	L	L	L	L	L	L	L	L	L	L	L	L	L
F	F2	AMABALAPARA-B	L6	S9	2.4.2	Myristica sp.	150	L	L	L	L	L	L	L	L	L	L	L	L	L	L	L	L	L	L	L	L	L	L	L	L	L	L	L	L	L
F	F2	AMABALAPARA-B	L6	S10	2.5.1	Knema sp.	124	L	L	L	L	L	L	L	L	L	L	L	L	L	L	L	L	L	L	L	L	L	L	L	L	L	L	L	L	L
F	F2	AMABALAPARA-B	L6	S11	3.1.1	Dysoxylum sp	150	L	L	L	L	L	L	L	L	L	L	L	L	L	L	L	L	L	L	L	L	L	L	L	L	L	L	L	L	L
F	F2	AMABALAPARA-B	L6	S12	3.2.1	Knema sp.	100	L	L	L	L	L	L	L	L	L	L	L	L	L	L	L	L	L	L	L	L	L	L	L	D	D	D	D	D	D
F	F2	AMABALAPARA-B	L6	S13	3.3.1	Myristica sp.	350	L	L	L	L	L	L	L	L	L	L	L	L	L	L	L	L	L	L	L	L	L	L	L	L	L	L	L	L	L
F	F2	AMABALAPARA-B	L6	S13	3.3.2	Dysoxylum sp	400	L	L	L	L	L	L	L	L	L	L	L	L	L	L	L	L	L	L	L	L	L	L	L	L	L	L	L	L	L
F	F2	AMABALAPARA-B	L6	S14	3.4.1	Myristica sp.	120	L	L	L	L	L	L	L	L	L	L	L	L	L	L	L	L	L	L	L	L	L	L	L	L	L	L	L	L	L
F	F2	AMABALAPARA-B	L6	S14	3.4.2	Myristica sp.	200	L	L	L	L	L	L	L	L	L	L	L	L	L	L	L	L	L	L	L	L	L	L	L	L	L	L	L	L	L
F	F2	AMABALAPARA-B	L6	S14	3.4.3	Myristica sp.	400	L	L	L	L	L	L	L	L	L	L	L	L	L	L	L	L	L	L	L	L	L	L	L	L	L	L	L	L	L
F	F2	AMABALAPARA-B	L6	S14	3.4.4	Myristica sp.	250	L	L	L	L	L	L	L	L	L	L	L	L	L	L	L	L	L	L	L	L	L	L	L	L	L	L	L	L	L
F	F2	AMABALAPARA-B	L6	S15	3.5.1	Myristica sp.	152	L	L	L	L	L	L	L	L	L	L	L	L	L	L	L	L	L	L	L	L	L	L	L	L	L	L	L	L	L
F	F2	AMABALAPARA-B	L6	S15	3.5.2	Alseodaphne sp.	294	L	L	L	L	L	L	L	L	L	L	L	L	L	L	L	L	L	L	L	L	L	L	L	L	L	L	L	L	L
F	F2	AMABALAPARA-B	L6	S16	4.1.1	Knema sp.	250	L	L	L	L	L	L	L	L	L	L	L	L	L	L	L	L	L	L	L	L	L	L	L	L	L	L	L	L	L
F	F2	AMABALAPARA-B	L6	S17	5.1.1	Dysoxylum sp	150	L	L	L	L	L	L	L	L	L	L	L	L	L	L	L	L	L	L	L	L	L	L	L	L	L	L	L	L	L
F	F2	AMABALAPARA-B	L6	S17	5.1.2	Dysoxylum sp	450	L	L	L	L	L	L	L	L	L	L	L	L	L	L	L	L	L	L	L	L	L	L	L	L	L	L	L	L	L
F	F2	AMABALAPARA-B	L6	S18	5.2.1	Myristica sp.	150	L	L	L	L	L	L	L	L	L	L	L	L	L	L	L	L	L	L	L	L	L	L	L	L	L	L	L	L	L
F	F2	AMABALAPARA-B	L6	S19	6.1.1	Dysoxylum sp	255	L	L	L	L	L	L	L	L	L	L	L	L	L	L	L	L	L	L	L	L	L	L	L	L	L	L	L	D	D
F	F2	AMABALAPARA-B	L6	S19	6.1.2	Knema sp.	500	L	L	L	L	L	L	L	L	L	L	L	L	L	L	L	L	L	L	L	L	L	L	L	L	L	L	L	D	D
F	F2	AMABALAPARA-B	L6	S20	6.2.1	Alseodaphne sp.	100	L	L	L	L	L	L	L	L	L	L	L	L	L	L	L	L	L	L	L	L	L	L	L	L	L	L	L	L	L
F	F2	AMABALAPARA-B	L6	S21	7.1.1	Myristica sp.	320	L	L	L	L	L	L	L	L	L	L	L	L	L	L	L	L	L	L	L	L	L	L	L	L	L	L	L	L	L
F	F2	AMABALAPARA-B	L6	S21	7.1.2	Dysoxylum sp	253	L	L	L	L	L	L	L	L	L	L	L	L	L	L	L	L	L	L	L	L	L	L	L	L	L	L	L	L	L
F	F2	AMABALAPARA-B	L6	S21	7.1.3	Dysoxylum sp	152	L	L	L	L	L	L	L	L	L	L	L	L	L			L	L	L	L	L	L	L	L	L	L	L	L	L	L
F	F2	AMABALAPARA-B	L6	S22	8.1.1	Myristica sp.	151	L	L	L	L	L	L	L	L	L	L	L	L	L	L	L	L	L	L	L	L	L	L	L	L	L	L	L	L	L
F	F2	AMABALAPARA-B	L6	S22	8.1.2	Dysoxylum sp	302	L	L	L	L	L	L	L	L	L	L	L	D	D	D	D	D	D	D	D	D	D	D	D	D	D	D	D	D	D
F	F2	AMABALAPARA-B	L6	S22	8.1.3	Dysoxylum sp	348	L	L	L	L	L	L	L	L	L	L	L	L	L	L	L	L	L	L	L	L	L	L	L	L	L	L	L	L	L
F	F2	AMABALAPARA-B	L6	S23	8.2.1	Myristica sp.	299	L	L	L	L	L	L	L	L	L	L	L	L	L	L	L	L	L	L	L	L	L	L	L	L	L	L	L	L	L
F	F2	AMABALAPARA-B	L6	S24	8.3.1	Myristica sp.	251	L	L	L	L	L	L	L	L	L	L	L	L	L	L	L	L	L	L	L	L	L	L	L	L	L	L	L	L	L
F	F2	AMABALAPARA-B	L6	S24	8.3.2	Dysoxylum sp	149	L	L	L	L	L	L	L	L	L	L	L	L	L	L	L	L	L	L	L	L	L	L	L	L	L	L	L	L	L
F	F2	AMABALAPARA-B	L6	S24	8.3.3	Myristica sp.	201	L	L	L	L	L	L	L	L	L	L	L	L	L	L	L	L	L	L	L	L	L	L	L	L	L	L	L	L	L
F	F2	AMABALAPARA-B	L6	S25	8.4.1	Myristica sp.	152	L	L	L	L	L	L	L	L	L	L	L	L	L	L	L	L	L	L	L	L	L	L	L	L	L	L	L	L	L
F	F2	AMABALAPARA-B	L6	S25	8.4.2	Dysoxylum sp	150	L	L	L	L	L	L	L	L	L	L	L	L	L	L	L	L	L	L	L	L	L	L	L	L	L	L	L	L	L
F	F2	AMABALAPARA-B	L6	S25	8.4.3	Myristica sp.	500	L	L	L	L	L	L	L	L	L	L	L	L	L	L	L	L	L	L	L	L	L	L	L	L	L	L	L	L	L
F	F2	AMABALAPARA-B	L6	S25	8.4.4	Myristica sp.	250	L	L	L	L	L	L	L	L	L	L	L	L	L	L	L	L	L	L	L	L	L	L	L	L	L	L	L	L	L
F	F2	AMABALAPARA-B	L6	S25	8.4.5	Knema sp.	124	L	L	L	L	L	L	L	L	L	L	L	L	L	L	L	L	L	L	L	L	L	L	L	L	L	L	L	L	L
F	F3	AMABALAPARA- C	L7	S1	1.1.1	Litsea sp.	600	L	L	L	L	L	L	L	L	L	L	L	L	L	L	L	L	L	L	L	L	L	L	L	L	L	L	L	L	L
F	F3	AMABALAPARA- C	L7	S1	1.1.2	Litsea sp.	650	L	L	L	L	L	L	L	L	L	L	L	L	L	L	L	L	L	L	L	L	L	L	L	L	L	L	L	L	L
F	F3	AMABALAPARA- C	L7	S2	1.2.1	Dysoxylum sp	420	L	L	L	L	L	L	L	L	L	L	L	L	L	L	L	L	L	L	L	L	L	L	L	L	L	L	L	L	L
F	F3	AMABALAPARA- C	L7	S3	1.3.1	Dysoxylum sp	221	L	L	L	L	L	L	L	L	L	L	L	L	L	L	L	L	L	L	L	L	L	L	L	L	L	L	L	L	L
F	F3	AMABALAPARA- C	L7	S4	2.1.1	Dysoxylum sp	299	L	L	L	L	L	L	L	L	L	L	L	L	L	L	L	L	L	L	L	L	L	L	L	L	L	L	L	L	L
F	F3	AMABALAPARA- C	L7	S4	2.1.2	Dysoxylum sp	123	L	L	L	L	L	L	L	L	L	L	L	L	L	L	L	L	L	L	L	L	L	L	L	L	L	L	L	L	L
F	F3	AMABALAPARA- C	L7	S4	2.1.3	Myristica sp.	152	L	L	L	L	L	L	L	L	L	L	L	L	L	L	L	L	L	L	L	L	L	L	L	L	L	L	L	L	L
F	F3	AMABALAPARA- C	L7	S4	2.1.4	Dysoxylum sp	153	L	L	L	L	L	L	L	L	L	L	L	L	L	L	L	L	L	L	D	D	D	D	D	D	D	D	D	D	D
F	F3	AMABALAPARA- C	L7	S5	2.2.1	Dysoxylum sp	500	L	L	L	L	L	L	L	L	L	L	L	L	L	L	L	L	L	L	L	L	L	L	L	L	L	L	L	L	L
F	F3	AMABALAPARA- C	L7	S5	2.2.2	Dysoxylum sp	520	L	L	L	L	L	L	L	L	L	L	L	L	L	L	L	L	L	L	L	L	L	L	L	L	L	L	L	L	L
F	F3	AMABALAPARA- C	L7	S6	3.1.1	Dysoxylum sp	500	L	L	L	L	L	L	L	L	L	L	L	L	L	L	L	L	L	L	L	L	L	L	L	L	L	L	L	L	L
F	F3	AMABALAPARA- C	L7	S6	3.1.2	Alseodaphne sp.	520	L	L	L	L	L	L	L	L	L	L	L	L	L	L	L	L	L	L	L	L	L	L	L	L	L	L	L	L	L
F	F3	AMABALAPARA- C	L7	S7	4.1.1	Alseodaphne sp.	153	L	L	L	L	L	L	L	L	L	L	L	L	L	L	L	L	L	L	L	L	L	L	L	L	L	L	L	L	L
F	F3	AMABALAPARA- C	L7	S8	4.2.1	Dysoxylum sp	98	L	L	L	L	L	L	L	L	L	L	L	L	L	L	L	L	L	L	L	L	L	L	L	L	L	L	L	L	L
F	F3	AMABALAPARA- C	L7	S9	4.3.1	Dysoxylum sp	500	L	L	L	L	L	L	L	L	L	L	L	L	L	L	L	L	L	L	L	L	L	L	L	L	L	L	L	L	L
F	F3	AMABALAPARA- C	L7	S10	4.4.1	Dysoxylum sp	300	L	L	L	L	L	L	L	L	L	L	L	L	L	L	L	L	L	L	L	L	L	L	L	L	L	L	L	L	L
F	F3	AMABALAPARA- C	L7	S10	4.4.2	Dysoxylum sp	99	L	L	L	L	L	L	L	L	L	L	L	L	L	L	L	L	L	L	L	L	L	L	L	L	L	L	L	L	L
F	F3	AMABALAPARA- C	L7	S11	5.1.1	Alseodaphne sp.	300	L	L	L	L	L	L	L	L	L	L	L	L	L	L	L	L	L	L	L	L	L	L	L	L	L	L	L	L	L
F	F3	AMABALAPARA- C	L7	S11	5.1.2	Dysoxylum sp	450	L	L	L	L	L	L	L	L	L	L	L	L	L	L	L	L	L	L	L	L	L	L	L	L	L	L	L	L	L
F	F3	AMABALAPARA- C	L7	S12	7.1.1	Dysoxylum sp	169	L	L	L	L	L	L	L	L	L	L	L	L	L	L	L	L	L	L	L	L	L	L	L	L	L	L	L	L	L
F	F3	AMABALAPARA- C	L7	S12	7.1.2	Dysoxylum sp	300	L	L	L	L	L	L	L	L	L	L	L	L	L	L	L	L	L	L	L	L	L	L	L	L	L	L	L	L	L
F	F3	AMABALAPARA- C	L7	S12	7.1.3	Dysoxylum sp	134	L	L	L	L	L	L	L	L	L	L	L	L	L	L	L	L	L	L	L	L	L	L	L	L	L	L	L	L	L
F	F3	AMABALAPARA- C	L7	S13	7.2.1	Dysoxylum sp	151	L	L	L	L	L	L	L	L	L	L	L	L	L	L	L	L	L	L	L	L	L	L	L	L	L	L	L	L	L
F	F3	AMABALAPARA- C	L7	S13	7.2.2	Dysoxylum sp	131	L	L	L	L	L	L	L	L	L	L	L	L	L	L	L	L	L	L	L	L	L	L	L	L	L	L	L	L	L
F	F3	AMABALAPARA- C	L7	S13	7.2.3	Dysoxylum sp	220	L	L	L	L	L	L	L	L	L	L	L	L	L	L	L	L	L	L	L	L	L	L	L	L	L	L	L	L	L
F	F3	AMABALAPARA- C	L7	S14	8.1.1	Dysoxylum sp	600	L	L	L	L	L	L	L	L	L	L	L	L	L	L	L	L	L	L	L	L	L	L	L	L	L	L	L	L	L
F	F3	AMABALAPARA- C	L7	S15	8.2.1	Myristica sp.	520	L	L	L	L	L	L	L	L	L	L	L	L	L	L	L	L	L	L	L	L	L	L	L	L	L	L	L	L	L
F	F3	AMABALAPARA- C	L7	S16	8.3.1	Dysoxylum sp	200	L	L	L	L	L	L	L	L	L	L	L	L	L	L	L	L	L	L	L	L	L	L	L	L	L	L	L	L	L
F	F4	AMABALAPARA-D	L8	S1	1.1.1	Litsea sp.	101	L	L	L	L	L	L	L	L	L	L	L	L	L	L	L	L	L	L	L	L	L	L	L	L	L	L	L	L	L
F	F4	AMABALAPARA-D	L8	S2	1.2.1	Myristica sp.	202	L	L	L	L	L	L	L	L	L	L	L	L	L	L	L	L	L	L	L	L	L	L	L	L	L	L	L	L	L
F	F4	AMABALAPARA-D	L8	S2	1.2.2	Myristica sp.	400	L	L	L	L	L	L	L	L	L	L	L	L	L	L	L	L	L	L	L	L	L	L	L	L	L	L	L	L	L
F	F4	AMABALAPARA-D	L8	S3	1.3.1	Dysoxylum sp.	550	L	L	L	L	L	L	L	L	L	L	L	L	L	L	L	L	L	L	D	D	D	D	D	D	D	D	D	D	D
F	F4	AMABALAPARA-D	L8	S3	1.3.2	Litsea sp.	350	L	L	L	L	L	L	L	L	L	L	L	L	L	L	L	L	L	L	L	L	L	L	L	L	L	L	L	L	L
F	F4	AMABALAPARA-D	L8	S4	2.1.1	Myristica sp.	300	L	L	L	L	L	L	L	L	L	L	L	L	L	L	L	L	L	L	L	L	L	L	L	L	L	L	L	L	L
F	F4	AMABALAPARA-D	L8	S4	2.1.2	Dysoxylum sp.	500	L	L	L	L	L	L	L	L	L	L	L	L	L	L	L	L	L	L	L	L	L	L	L	L	L	L	L	L	L
F	F4	AMABALAPARA-D	L8	S4	2.1.3	Dysoxylum sp.	650	L	L	L	L	L	L	L	L	L	L	L	L	L	L	L	L	L	L	L	L	L	L	L	L	L	L	L	L	L
F	F4	AMABALAPARA-D	L8	S5	2.2.1	Litsea sp.	121	L	L	L	L	L	L	L	L	L	L	L	L	L	L	L	L	L	L	L	L	L	L	L	L	L	L	L	L	L
F	F4	AMABALAPARA-D	L8	S5	2.2.2	Litsea sp.	103	L	L	L	L	L	L	L	L	L	L	L	L	L	L	L	L	L	L	L	L	L	L	L	L	L	L	L	L	L
F	F4	AMABALAPARA-D	L8	S5	2.2.3	Litsea sp.	100	L	L	L	L	L	L	L	L	L	L	L	L	L	L	L	L	L	L	L	L	L	L	L	L	L	L	L	D	D
F	F4	AMABALAPARA-D	L8	S5	2.2.4	Dysoxylum sp.	91	L	L	L	L	L	L	L	L	L	L	L	L	L	L	L	L	L	L	L	L	L	L	L	L	L	L	L	L	L
F	F4	AMABALAPARA-D	L8	S6	2.3.1	Litsea sp.	102	L	L	L	L	L	L	L	L	L	L	L	L	L	L	L	L	L	L	L	L	L	L	L	L	D	D	D	D	D
F	F4	AMABALAPARA-D	L8	S7	3.1.2	Alseodaphne sp.	350	L	L	L	L	L	L	L	L	L	L	L	L	L	L	L	L	L	L	L	L	L	L	L	L	L	L	L	L	L
F	F4	AMABALAPARA-D	L8	S8	3.2.1	Myristica sp.	300	L	L	L	L	L	L	L	L	L	L	L	L	L	L	L	L	L	L	L	L	L	L	L	L	L	L	L	L	L
F	F4	AMABALAPARA-D	L8	S8	3.2.2	Alseodaphne sp.	199	L	L	L	L	L	L	L	L	L	L	L	L	L	L	L	L	L	L	L	L	L	L	L	L	L	L	L	L	L
F	F4	AMABALAPARA-D	L8	S9	3.3.1	Myristica sp.	250	L	L	L	L	L	L	L	L	L	L	L	L	L	L	L	L	L	L	L	L	L	L	L	L	L	L	L	L	L
F	F4	AMABALAPARA-D	L8	S9	3.3.2	Myristica sp.	301	L	L	L	L	L	L	L	L	L	L	L	L	L	L	L	L	L	L	L	L	L	L	L	L	L	L	L	L	L
F	F4	AMABALAPARA-D	L8	S10	4.1.1	Dysoxylum sp.	152	L	L	L	L	L	L	L	L	L	L	L	L	L	L	L	L	L	L	L	L	L	L	L	L	L	L	L	L	L
F	F4	AMABALAPARA-D	L8	S10	4.1.2	Myristica sp.	251	L	L	L	L	L	L	L	L	L	L	L	L	L	L	L	L	L	L	L	L	L	L	L	L	L	L	L	L	L
F	F4	AMABALAPARA-D	L8	S10	4.1.3	Dysoxylum sp.	350	L	L	L	L	L	L	L	L	L	L	L	L	L	L	L	L	L	L	L	L	L	L	L	L	L	L	L	L	L
F	F4	AMABALAPARA-D	L8	S10	4.1.4	Dysoxylum sp.	97	L	L	L	L	L	L	L	L	L	L	L	L	L	L	L	L	L	L	L	L	L	L	L	L	L	L	L	L	L
F	F4	AMABALAPARA-D	L8	S11	5.1.1	Myristica sp.	102	L	L	L	L	L	L	L	L	L	L	L	L	L	L	L	L	L	L	L	L	L	L	L	L	L	L	L	L	L
F	F4	AMABALAPARA-D	L8	S11	5.1.2	Alseodaphne sp.	104	L	L	L	L	L	L	L	L	L	L	L	L	L	L	L	L	L	L	L	L	L	L	L	L	L	L	L	L	L
F	F4	AMABALAPARA-D	L8	S11	5.1.3	Myristica sp.	500	L	L	L	L	L	L	L	L	L	L	L	L	L	L	L	L	L	L	L	L	L	L	L	L	L	L	L	L	L
F	F4	AMABALAPARA-D	L8	S12	5.2.1	Myristica sp.	300	L	L	L	L	L	L	L	L	D	D	D	D	D	D	D	D	D	D	D	D	D	D	D	D	D	D	D	D	D
F	F4	AMABALAPARA-D	L8	S12	5.2.2	Alseodaphne sp.	122	L	L	L	L	L	L	L	L	D	D	D	D	D	D	D	D	D	D	D	D	D	D	D	D	D	D	D	D	D
F	F4	AMABALAPARA-D	L8	S13	5.3.1	Litsea sp.	550	L	L	L	L	L	L	L	L	L	L	L	L	L	L	L	L	L	L	L	L	L	L	L	L	L	L	L	L	L
F	F4	AMABALAPARA-D	L8	S13	5.3.2	Litsea sp.	119	L	L	L	L	L	L	L	L	L	L	L	L	L	L	L	L	L	L	L	L	L	L	L	L	L	L	L	L	L
F	F4	AMABALAPARA-D	L8	S13	5.3.3	Litsea sp.	197	L	L	L	L	L	L	L	L	L	L	L	L	L	L	L	L	L	L	L	L	L	L	L	L	L	L	L	L	L
F	F4	AMABALAPARA-D	L8	S13	5.3.4	Dysoxylum sp.	300	L	L	L	L	L	L	L	L	L	L	L	L	L	L	L	L	L	L	L	L	L	L	L	L	L	L	L	L	L
F	F4	AMABALAPARA-D	L8	S14	6.1.1	Myristica sp.	200	L	L	L	L	L	L	L	L	L	L	L	L	L	L	L	L	L	L	L	L	L	L	L	L	L	L	L	L	L
F	F4	AMABALAPARA-D	L8	S14	6.1.2	Litsea sp.	150	L	L	L	L	L	L	L	L	L	L	L	L	L	L	L	L	L	L	L	L	L	L	L	L	L	L	L	L	L
F	F4	AMABALAPARA-D	L8	S14	6.1.3	Alseodaphne sp.	150	L	L	L	L	L	L	L	L	L	L	L	L	L	L	L	L	L	L	L	L	L	L	L	L	L	L	L	L	L
F	F4	AMABALAPARA-D	L8	S14	6.1.4	Litsea sp.	150	L	L	L	L	L	L	L	L	L	L	L	L	L	L	L	L	L	L	L	L	L	L	L	L	L	L	L	L	L
F	F4	AMABALAPARA-D	L8	S14	6.1.5	Alseodaphne sp.	254	L	L	L	L	L	L	L	L	L	L	L	L	L	L	L	L	L	L	L	L	L	L	L	L	L	L	L	L	L
F	F4	AMABALAPARA-D	L8	S14	6.1.6	Alseodaphne sp.	199	L	L	L	L	L	L	L	L	L	L	L	L	L	L	L	L	L	L	L	L	L	L	L	L	L	L	L	L	L
F	F4	AMABALAPARA-D	L8	S14	6.1.7	Dysoxylum sp.	210	L	L	L	L	L	L	L	L	L	L	L	L	L	L	L	L	L	L	L	L	L	L	L	L	L	L	L	L	L
F	F4	AMABALAPARA-D	L8	S15	6.2.1	Canarium sp.	800	L	L	L	L	L	L	L	L	D	D	D	D	D	D	D	D	D	D	D	D	D	D	D	D	D	D	D	D	D
F	F4	AMABALAPARA-D	L8	S15	6.2.2	Myristica sp.	350	L	L	L	L	L	L	L	L	D	D	D	D	D	D	D	D	D	D	D	D	D	D	D	D	D	D	D	D	D
F	F4	AMABALAPARA-D	L8	S16	7.1.1	Myristica sp.	300	L	L	L	L	L	L	L	L	L	L	L	L	L	L	L	L	L	L	L	L	L	L	L	L	L	L	L	D	D
F	F4	AMABALAPARA-D	L8	S16	7.1.2	Alseodaphne sp.	350	L	L	L	L	L	L	L	L	L	L	L	L	L	L	L	L	L	L	L	L	L	L	L	L	L	L	L	L	L
F	F4	AMABALAPARA-D	L8	S16	7.1.3	Litsea sp.	103	L	L	L	L	L	L	L	L	L	L	L	L	L	L	L	L	L	L	D	D	D	D	D	D	D	D	D	D	D
F	F4	AMABALAPARA-D	L8	S17	7.2.1	Myristica sp.	200	L	L	L	L	L	L	L	L	L	L	L	L	L	L	L	L	L	L	L	L	L	L	L	L	L	L	L	L	L
F	F4	AMABALAPARA-D	L8	S17	7.2.2	Myristica sp.	220	L	L	L	L	L	L	L	L	L	L	L	L	L	L	L	L	L	L	L	L	L	L	L	L	L	L	L	L	L
F	F4	AMABALAPARA-D	L8	S17	7.2.3	Myristica sp.	320	L	L	L	L	L	L	L	L	L	L	L	L	L	L	L	L	L	L	L	L	L	L	L	L	L	L	L	L	L
F	F4	AMABALAPARA-D	L8	S18	8.1.1	Myristica sp.	103	L	L	L	L	L	L	L	L	L	L	L	L	L	L	L	L	L	L	L	L	L	L	L	L	L	L	L	L	L
F	F4	AMABALAPARA-D	L8	S18	8.1.2	Knema sp.	98	L	L	L	L	L	L	L	L	L	L	L	L	L	L	L	L	L	L	D	D	D	D	D	D	D	D	D	D	D
F	F4	AMABALAPARA-D	L8	S18	8.1.3	Myristica sp.	296	L	L	L	L	L	L	L	L	L	L	L	L	L	L	L	L	L	L	L	L	L	L	L	L	L	L	L	L	L
F	F5	AMABALAPARA-E	L9	S1	1.1.1	Myristica sp.	99	L	L	L	L	L	L	L	L	L	L	L	L	L	L	L	L	L	L	L	L	L	L	L	L	L	L	L	L	L
F	F5	AMABALAPARA-E	L9	S2	1.2.1	Dysoxylum sp.	97	L	L	L	L	L	L	L	L	L	L	L	L	L	L	L	L	L	L	L	L	L	L	L	L	L	L	L	L	L
F	F5	AMABALAPARA-E	L9	S2	1.2.2	Litsea sp.	198	L	L	L	L	L	L	L	L	L	L	L	L	L	L	L	L	L	L	L	L	L	L	L	L	L	L	L	L	L
F	F5	AMABALAPARA-E	L9	S2	1.2.3	Dysoxylum sp.	130	L	L	L	L	L	L	L	L	L	L	L	L	L	L	L	L	L	L	L	L	L	L	L	L	L	L	L	L	L
F	F5	AMABALAPARA-E	L9	S2	1.2.4	Dysoxylum sp.	95	L	L	L	L	L	L	L	L	L	L	L	L	L	L	L	L	L	L	L	L	L	L	L	L	L	L	L	L	L
F	F5	AMABALAPARA-E	L9	S3	2.2.1	Myristica sp.	241	L	L	L	L	L	L	L	L	L	L	L	L	L	L	L	L	L	L	L	L	L	L	L	L	L	L	L	L	L
F	F5	AMABALAPARA-E	L9	S3	2.2.2	Dysoxylum sp.	201	L	L	L	L	L	L	L	L	L	L	L	L	L	L	L	L	L	L	L	L	L	L	L	L	L	L	L	L	L
F	F5	AMABALAPARA-E	L9	S4	3.2.1	Dysoxylum sp.	153	L	L	L	L	L	L	L	L	L	L	L	L	L	L	L	L	L	L	L	L	L	L	L	L	L	L	L	L	L
F	F5	AMABALAPARA-E	L9	S4	3.2.2	Canarium sp.	433	L	L	L	L	L	L	L	L	L	L	L	L	L	L	L	L	L	L	L	L	L	L	L	L	L	L	L	L	L
F	F5	AMABALAPARA-E	L9	S5	3.1.1	Canarium sp.	103	L	L	L	L	L	L	L	L	L	L	L	L	L	L	L	L	L	L	L	L	L	L	L	L	L	L	L	L	L
F	F5	AMABALAPARA-E	L9	S6	2.1.1	Dysoxylum sp.	134	L	L	L	L	L	L	L	L	L	L	L	L	L	L	L	L	L	L	L	L	L	L	L	L	L	L	L	L	L
F	F5	AMABALAPARA-E	L9	S6	2.1.2	Litsea sp.	98	L	L	L	L	L	L	L	L	L	L	L	L	L	L	L	L	L	L	L	L	L	L	L	L	L	L	L	L	L
F	F5	AMABALAPARA-E	L9	S7	4.1.1	Dysoxylum sp.	211	L	L	L	L	L	L	L	L	L	L	L	L	L	L	L	L	L	L	L	L	L	L	L	L	L	L	L	L	L
F	F5	AMABALAPARA-E	L9	S7	4.1.2	Myristica sp.	109	L	L	L	L	L	L	L	L	L	L	L	L	L	L	L	L	L	L	L	L	L	L	L	L	L	L	L	L	L
F	F5	AMABALAPARA-E	L9	S7	4.1.3	Myristica sp.	111	L	L	L	L	L	L	L	L	L	L	L	L	L	L	L	D	D	D	D	D	D	D	D	D	D	D	D	D	D
F	F5	AMABALAPARA-E	L9	S7	4.1.4	Litsea sp.	302	L	L	L	L	L	L	L	L	L	L	L	L	L	L	L	L	L	L	L	L	L	L	L	L	L	L	L	L	L
F	F5	AMABALAPARA-E	L9	S8	4.2.1	Myristica sp.	202	L	L	L	L	L	L	L	L	L	L	L	L	L	L	L	L	L	L	L	L	L	L	L	L	L	L	L	L	L
F	F5	AMABALAPARA-E	L9	S9	4.3.1	Litsea sp.	301	L	L	L	L	L	L	L	L	L	L	L	L	L	L	L	L	L	L	L	L	L	L	L	L	L	L	L	L	L
F	F5	AMABALAPARA-E	L9	S9	4.3.2	Litsea sp.	179	L	L	L	L	L	L	L	L	L	L	L	L	L	L	L	L	L	L	L	L	L	L	L	L	L	L	L	L	L
F	F5	AMABALAPARA-E	L9	S9	4.3.4	Dysoxylum sp.	93	L	L	L	L	L	L	L	L	L	L	L	L	L	L	L	L	L	L	L	L	L	L	L	L	L	L	L	L	L
F	F5	AMABALAPARA-E	L9	S9	4.3.3	Myristica sp.	200	L	L	L	L	L	L	L	L	L	L	L	L	L	L	L	L	L	L	L	L	L	L	L	L	L	L	L	L	L
F	F5	AMABALAPARA-E	L9	S10	5.1.1	Myristica sp.	403	L	L	L	L	L	L	L	L	L	L	L	L	L	L	L	L	L	L	L	L	L	L	L	L	L	L	L	L	L
F	F5	AMABALAPARA-E	L9	S10	5.1.2	Litsea sp.	99	L	L	L	L	L	L	L	L	L	L	L	L	L	L	L	L	L	L	L	L	L	L	L	L	L	L	L	L	L
F	F5	AMABALAPARA-E	L9	S10	5.1.3	Dysoxylum sp.	210	L	L	L	L	L	L	L	L	L	L	L	L	L	L	L	L	L	L	L	L	L	L	L	L	L	L	L	L	L
F	F5	AMABALAPARA-E	L9	S10	5.1.4	Myristica sp.	73	L	L	L	L	L	L	L	L	L	L	L	L	L	L	L	L	L	L	L	L	L	L	L	L	L	L	L	L	L
F	F5	AMABALAPARA-E	L9	S11	5.2.1	Litsea sp.	66	L	L	L	L	L	L	L	L	L	L	L	L	L	L	L	L	L	L	L	L	L	L	L	L	L	L	L	L	L
